telemetry_id,flap_p_kmh,flap_v_kmh,flap_b_kmh,gear_kmh
a-20g,296,407,428,296
a-26b,351,482,507,270
a-26b_10,351,482,507,270
a-26c,351,482,507,270
a-26c-45-dt,351,482,507,270
a-35b,278,290,369,278
a2d,301,351,429,301
a5m4,220,369,398,
a5m4_hagiri,220,369,398,
a6m2_mod11,280,451,484,310
a6m2_n_zero,320,469,498,
a6m2_zero,280,451,484,310
a6m2_zero_china,280,451,484,310
a6m2_zero_usa,280,451,484,310
a6m3_mod22_zero,220,369,398,240
a6m3_mod22ko_zero,220,369,398,240
a6m3_zero,220,369,398,290
a6m5_zero,220,369,398,300
a6m5hei,220,369,398,300
a6m5ko,220,369,398,300
a6m5otsu,220,369,398,300
a6m6c,220,369,398,300
a7he1,320,469,498,300
a7m1,280,451,484,310
a7m2,280,451,484,310
a_10a_early,370,370,370,370
a_10a_late,370,370,370,370
a_10c,370,370,370,370
a_20g_30_ussr,296,407,428,296
a_29_hudson,235,313,328,235
a_4b,410,563,592,437
a_4e_early,410,563,592,437
a_4e_early_iaf,410,563,592,437
a_4e_late_iaf,410,563,592,437
a_4h,410,563,592,437
a_4n,410,563,592,437
a_5c,577,577,577,577
a_6e_tram,460,460,460,460
a_7d,407,457,484,407
a_7e,407,457,484,407
a_7e_thailand,407,457,484,407
a_7k,407,457,484,407
alpha_jet_a,390,390,390,390
alpha_jet_a_jabog41,390,390,390,390
alpha_jet_a_thailand,390,390,390,390
alpha_jet_e,390,390,390,390
alpha_jet_th_phase_1,390,390,390,390
am_1_mauler,300,350,420,700
amx,333,838,936,444
amx_a_1a_brazil,333,838,936,444
ar_2,280,310,316,350
arado-196a-3,140,319,353,
arado-196a-5,140,319,353,
arado-234,350,499,528,400
arado-234c-3,350,499,528,400
ariete,320,469,498,450
attaker_fb1,987,997,999,351
attaker_fb2,987,997,999,351
av_8a,648,648,648,648
av_8b_na,648,648,648,648
av_8b_plus,648,648,648,648
av_8b_plus_italy,648,648,648,648
av_8c,648,648,648,648
av_8s_late_thailand,648,648,648,648
av_8s_thailand,648,648,648,648
avenger_mk1,285,285,285,397
b-17e,249,361,383,290
b-17e_japan,249,361,383,290
b-17e_late,249,361,383,290
b-17g,249,361,383,290
b-17g_iaf,249,361,383,290
b-29,270,322,332,389
b-57,320,320,320,450
b-57b,320,320,320,450
b5n2,280,385,405,450
b6n1,280,355,369,310
b6n2,280,355,369,310
b6n2a,280,355,369,310
b7a2,280,429,458,350
b7a2_homare_23,280,429,458,350
b_10b,235,313,328,235
b_18a,280,325,333,350
b_239_finland,240,380,425,280
b_24d,263,263,263,263
b_25j_1,294,320,382,294
b_25j_20,294,320,382,294
b_25j_30_china,294,320,382,294
b_25j_30_vvs_ussr,294,320,382,294
b_26b_c,297,320,382,265
b_26c_france,297,320,382,265
b_34,235,313,328,235
b_48_firecrest,272,404,430,360
b_52h,352,424,468,450
b_66b,370,480,502,463
ba_65_a80,250,451,490,400
ba_65_k14_l,250,451,490,400
bb-1,340,340,395,350
be_6,220,280,291,
beaufighter_mk1_40mm,216,242,354,242
beaufighter_mk21,216,242,354,242
beaufighter_mk6c,216,242,354,242
beaufighter_mkx,216,242,354,242
beaufort_mkviii,216,383,415,242
bf-109a_1,250,371,388,280
bf-109b_2,250,371,388,280
bf-109c_1,250,371,388,280
bf-109c_1_promo,250,371,388,280
bf-109e-1,300,449,478,320
bf-109e-3,300,449,478,320
bf-109e-3_japan,280,471,488,320
bf-109e-4,280,471,488,320
bf-109e-7,280,471,488,320
bf-109f-1,260,409,438,360
bf-109f-2,260,409,438,360
bf-109f-4,260,409,438,360
bf-109f-4_hungary,260,409,438,360
bf-109f-4_trop,260,409,438,360
bf-109f-4_usa,260,409,438,360
bf-109g-10,260,409,438,360
bf-109g-14,260,409,438,360
bf-109g-14as,260,409,438,360
bf-109g-2,260,409,438,360
bf-109g-2_finland,260,409,438,360
bf-109g-2_hungary,260,409,438,360
bf-109g-2_romania,260,409,438,360
bf-109g-6,260,409,438,360
bf-109g-6_erla_finland,260,409,438,360
bf-109g-6_finland,260,409,438,360
bf-109k-4,260,409,438,360
bf-109z,260,409,438,360
bf-110c-4,290,439,468,320
bf-110c-6,290,439,468,320
bf-110f-2,290,439,468,320
bf-110g-2,290,439,468,320
bf2c_1,,,,280
bf_109t_2,280,471,488,320
bf_110g_4,290,439,468,320
bf_110g_4_hungary,290,439,468,320
bi,320,320,320,420
blenheim_mkiv,211,289,304,236
boomerang_mki,225,445,488,320
boomerang_mkii,225,445,488,320
boston_mk_1,296,407,428,296
br_20_dr,310,310,310,310
br_20m_m1,310,310,310,310
br_693_ab2,294,320,382,295
breda_88,262,262,262,262
brigand_b1,342,342,342,342
btd-1,253,348,366,253
buccaneer_s1,370,463,518,416
buccaneer_s2,370,463,518,416
buccaneer_s2b,370,463,518,416
bv-138c-1,185,271,287,
bv-155b-1,260,409,438,360
bv-238,250,377,401,250
c_3604,270,352,423,320
canberra_bimk6,320,320,320,450
canberra_bmk2,320,320,320,450
caudron_cr714,240,310,333,240
cf_188a_canada,700,700,700,700
corsair_fmk2,245,278,470,730
cr_32,,,,
cr_32_bis,,,,
cr_32_quater,,,,
cw_21,240,323,355,290
d3a1,280,429,458,
d4y1,280,429,458,350
d4y2,280,429,458,350
d4y3,280,429,458,350
d_371,,,,
d_371_hs9,,,,
d_373,240,240,240,
d_500,,,,
d_501,,,,
d_510,,,,
d_510c,,,,
d_520,280,366,385,320
d_520_france,280,366,385,320
d_521,280,366,385,340
db_3a_china,280,280,280,320
db_3b,280,280,280,320
db_7,296,407,428,296
db_lk,280,280,280,320
dh_110_sea_vixen,407,407,407,407
do_17e_1,320,469,498,450
do_17z_2,300,454,480,350
do_17z_7,300,454,480,350
do_217e_2,300,300,300,300
do_217e_4,300,300,300,300
do_217j_1,350,350,350,350
do_217j_2,300,300,300,300
do_217k_1,300,300,300,300
do_217m_1,300,300,300,300
do_217n_1,300,300,300,300
do_217n_2,300,300,300,300
do_335a_0,285,285,285,285
do_335a_1,285,285,285,285
do_335b_2,285,285,285,285
douglas_a_1h,252,346,364,680
douglas_ad_2,680,680,680,680
douglas_ad_4,252,346,364,680
douglas_ad_4_france,252,346,364,680
douglas_ad_4na_france,680,680,680,680
ef_2000_aesa,700,700,700,700
ef_2000_block_10,700,700,700,700
ef_2000_fgr4,700,700,700,700
ef_2000_typhoon_aesa,700,700,700,700
ef_2000a,700,700,700,700
ef_2000a_aesa,700,700,700,700
er-2_ach30b_early,270,419,448,300
er-2_ach30b_late,270,419,448,300
er-2_m105_mv3,270,419,448,300
er-2_m105_tat,270,419,448,300
er-2_m105r_lu2b,270,419,448,300
er-2_m105r_tat,270,419,448,300
etndard_4m,426,426,426,426
f-100a_china,,,,447
f-100d,435,590,620,447
f-100d_france,435,590,620,447
f-104a,546,546,546,546
f-104a_china,546,546,546,546
f-104c,546,546,546,546
f-104g,546,546,546,546
f-104g_belgium,546,546,546,546
f-104g_china,546,546,546,546
f-104g_italy,546,546,546,546
f-104j,546,546,546,546
f-104s,546,546,546,546
f-104s_asa,546,546,546,546
f-104s_cb,546,546,546,546
f-105d,546,546,546,546
f-4c,463,463,463,463
f-4e,463,463,463,463
f-4e_iaf,463,463,463,463
f-4e_kurnass_2000,463,463,463,463
f-4ej,463,463,463,463
f-4ej_adtw,463,463,463,463
f-4ej_kai,463,463,463,463
f-4f,463,463,463,463
f-4f_kws_lv,463,463,463,463
f-4f_late,463,463,463,463
f-4j,463,463,463,463
f-4jk,463,463,463,463
f-4k,463,463,463,463
f-4m_fgr2,463,463,463,463
f-4s,463,463,463,463
f-5a,555,560,926,444
f-5a_china,555,560,926,444
f-5a_thailand,555,560,926,444
f-5ag_norway,555,560,926,444
f-5c,555,560,926,444
f-5e,482,482,482,482
f-5e_aidc,482,482,482,482
f-5e_fcu_thailand,482,482,482,482
f-5e_switzerland,482,482,482,482
f-5t_thailand,482,482,482,482
f-5th_thailand,482,482,482,482
f-80,360,509,538,380
f-80a,360,509,538,380
f-82e,265,520,651,314
f-84b,350,499,528,320
f-84f,417,516,535,417
f-84f_france,417,516,535,417
f-84f_germany,417,516,535,417
f-84f_iaf,417,516,535,417
f-84f_israel_iaf,417,516,535,417
f-84f_italy,417,516,535,417
f-84g,350,499,528,320
f-84g-31-re_china,350,499,528,320
f-84g_china,350,499,528,320
f-84g_france,350,499,528,320
f-84g_italy,350,499,528,320
f-84g_thailand,350,499,528,320
f-86_canadair_german,350,551,590,350
f-86_cl_13_mk4_italy,350,551,590,350
f-86_cl_13b_mk6,350,551,590,350
f-86a-5,350,551,590,350
f-86f-2,350,551,590,350
f-86f-25,350,551,590,350
f-86f-30_china,350,551,590,350
f-86f-30_japan,350,551,590,350
f-86f-35,350,551,590,350
f-86f-40_china,350,551,590,350
f-86f-40_japan,350,551,590,350
f-86f-40_japan_blue_impulse,350,551,590,350
f-86k_late,370,556,593,350
f-86k_late_german,370,556,593,350
f-86k_late_italy,370,556,593,350
f-89b,379,448,554,379
f-89d,379,448,554,379
f-8e,428,428,428,428
f-8e_fn,428,428,428,428
f1,485,485,485,485
f11f_1_late,500,500,500,447
f1m2,240,337,356,
f2a-1,260,409,438,720
f2a-1_thach,260,409,438,720
f2a-3,260,409,438,720
f2g-1,248,293,382,720
f2h-2,325,474,503,342
f3d_1,314,423,444,314
f3f-2,,,,320
f3f-2_galer,,,,320
f3h-2,463,463,463,463
f4d_1,407,407,407,407
f4f-3,420,420,420,320
f4f-4,420,420,420,320
f4f-4_martlet_mk4,420,420,420,320
f4u-1a,253,330,388,730
f4u-1a_japan,253,330,388,730
f4u-1a_usmc,253,330,388,730
f4u-1c,253,330,388,730
f4u-1d,253,330,388,730
f4u-4,253,299,388,730
f4u-4b,253,299,388,730
f4u-4b_vmf_214,253,299,388,730
f4u-6_au-1,253,299,388,730
f4u-7,253,299,388,730
f6f-3,310,459,488,375
f6f-5_france,310,459,488,375
f6f-5n,310,459,488,375
f6f-5n_france,310,459,488,375
f7f1,278,427,456,463
f7f3,278,427,456,463
f8f1,427,586,616,340
f8f1b,427,586,616,340
f8f1b_france,427,586,616,340
f8u-2,428,428,428,428
f9f-2,310,531,574,400
f9f-5,380,549,582,410
f9f-8,410,410,410,410
f_100f_china,435,590,620,447
f_101c,555,555,555,463
f_106a_1972,,,,426
f_111a,555,588,800,611
f_111c_raaf,555,588,800,611
f_111f,555,588,800,611
f_117,,,,555
f_14a_early,518,518,518,518
f_14a_iriaf,518,518,518,518
f_14b,518,518,518,518
f_14d,518,518,518,518
f_15a,700,700,700,700
f_15a_iaf,700,700,700,700
f_15c_baz_msip,700,700,700,700
f_15c_golden_eagle,700,700,700,700
f_15c_msip2,700,700,700,700
f_15e,700,700,700,700
f_15i_raam,700,700,700,700
f_15j,700,700,700,700
f_15j_kai,700,700,700,700
f_16a_block_10,482,482,482,482
f_16a_block_10_iaf,482,482,482,482
f_16a_block_10_netz_mod,482,482,482,482
f_16a_block_10_norway,482,482,482,482
f_16a_block_15_adf,482,482,482,482
f_16a_block_15_adf_italy,482,482,482,482
f_16a_block_15_belgium,482,482,482,482
f_16a_block_15_ocu_belgium,482,482,482,482
f_16a_block_15_ocu_thailand,482,482,482,482
f_16a_block_20_mlu,482,482,482,482
f_16a_block_5_netherlands,482,482,482,482
f_16a_block_72v_china,482,482,482,482
f_16aj,482,482,482,482
f_16am_block_15_mlu_belgium,482,482,482,482
f_16am_block_20_mlu_netherlands,482,482,482,482
f_16am_block_20_mlu_norway,482,482,482,482
f_16c_block_40_barak_2,482,482,482,482
f_16c_block_50,482,482,482,482
f_16c_block_52_aesa,482,482,482,482
f_16d_block_40_barak_2,482,482,482,482
f_16i_sufa,482,482,482,482
f_20a,482,482,482,482
f_222_2,,,,450
f_2a,482,482,482,482
f_2a_adtw,482,482,482,482
f_47n_25_re_china,300,464,496,450
f_6c_pakistan,577,577,577,577
fa_18a,700,700,700,700
fa_18a_hug_2_raaf,700,700,700,700
fa_18a_raaf,700,700,700,700
fa_18c_early,700,700,700,700
fa_18c_finland,700,700,700,700
fa_18c_late,700,700,700,700
fa_18c_late_switzerland,700,700,700,700
fa_18c_mlu_2_finland,700,700,700,700
fa_18c_switzerland,700,700,700,700
fa_18d_late_malaysia,700,700,700,700
fa_18e_block_2,700,700,700,700
fa_18f_block_2_raaf,700,700,700,700
fc_20_bis,280,280,280,280
ffa_p16,400,512,533,450
ffvs_j22_a,225,445,488,270
ffvs_j22_b,225,445,488,270
fiat_cr42,,,,
fiat_cr42_italy,,,,
fiat_cr42_j11,,,,
fiat_cr42_marcolin,,,,
fiat_cr42_marcolin_italy,,,,
fiat_g50_seria2,260,451,535,300
fiat_g50_seria2_italy,260,451,535,300
fiat_g50_seria7as,260,451,535,300
fiat_g50_seria7as_italy,260,451,535,300
fiat_g91_ps,345,550,590,345
fiat_g91_r1,345,550,590,345
fiat_g91_r3,345,550,590,345
fiat_g91_r4,345,550,590,345
fiat_g91_r4_german,345,550,590,345
fiat_g91_y,371,557,593,371
fiat_g91_ys,371,557,593,371
firebrand_tf4,250,413,420,300
firefly_mk1,242,326,600,270
firefly_mk4_netherlands,250,327,600,280
firefly_mk5,250,327,600,280
fj_4b,435,573,600,435
fj_4b_agm_12b,435,573,600,435
fokker_d21_mod20,240,240,240,
fokker_d21_netherlands,240,240,240,
fokker_d21_serie3_finland,240,240,240,
fokker_d23,280,387,423,285
fokker_g1a,230,319,337,280
fr_1_fireball,427,586,616,340
fury_mk1,,,,
fury_mk2,,,,
fw-189a-1,185,233,243,190
fw-190a-1,310,310,310,310
fw-190a-4,310,310,310,310
fw-190a-5,310,310,310,310
fw-190a-5_cannons,310,310,310,310
fw-190a-5_japan,310,310,310,310
fw-190a-5_u2,310,310,310,310
fw-190a-8,310,310,310,310
fw-190a-8_france,310,310,310,310
fw-190a-8_usa,310,310,310,310
fw-190c,310,310,310,310
fw-190d-12,310,310,310,310
fw-190d-13,310,310,310,310
fw-190d-9,310,310,310,310
fw-190d-9_ussr,310,310,310,310
fw-190f-8,310,310,310,310
fw_189c_0,185,233,243,190
fw_190a_5_u14,310,310,310,310
fw_190f_8_hungary,310,310,310,310
fw_200c_1,200,200,200,200
g4m1,250,399,428,300
g5n1,230,342,363,280
g8n1,270,322,332,330
g_55_serie1,260,409,438,260
g_55_serie1_ss0,260,409,438,260
g_55s,260,409,438,260
g_56,260,409,438,360
gladiator_j8a,320,469,,
gladiator_j8a_iacobi,320,469,,
gladiator_mk1_belgium,320,469,,
gladiator_mk1_china,320,469,,
gladiator_mk2,320,469,,
gladiator_mk2_france,320,469,,
gladiator_mk2_navy,320,469,,
gladiator_mk2_silver,320,469,,
gladiator_mk2_tuck,320,469,,
go229_v3,380,529,558,450
h-75a-1_france,232,447,488,290
h-75a-2_finland,232,447,488,290
h-75a-4_france,232,447,488,290
h-75m_china,232,447,488,
h6k4,320,469,498,
h8k2,260,379,402,
h8k3,260,379,402,450
halifax_mk3,260,454,491,260
harrier_frs1,648,648,648,648
harrier_frs1_early,648,648,648,648
harrier_gr1,648,648,648,648
harrier_gr3,648,648,648,648
harrier_gr7,648,648,648,648
harrier_t10,648,648,648,648
hawk_200,410,563,592,437
hawk_200_rda,410,563,592,437
hawk_209_indonesia,410,563,592,437
hawk_iii,,,,280
he-111h-16_winter,260,327,340,300
he-111h-2,260,379,402,350
he-111h-6,260,379,402,350
he-162a-1,500,649,678,350
he-162a-2,500,649,678,350
he-177a-3,280,407,431,260
he-177a-5,280,407,431,260
he51a1,320,469,498,
he51b1,320,469,498,
he51b_2w,320,469,498,
he51c1,320,469,498,
he51c1_late,320,469,498,
he_100d_1,280,471,488,320
he_112a_0,270,382,403,300
he_112b_0,320,469,498,300
he_112b_1,320,469,498,300
he_112b_1_italy,320,469,498,300
he_112b_2,320,469,498,300
he_112v_5,270,382,403,300
he_115a_2_sweden,260,379,402,
he_115c_1,260,379,402,
he_219a_7,310,310,310,310
hellcat_fmk1,310,459,488,375
hornet_mk1,287,356,370,324
hornet_mk3,287,356,370,324
hp52_hampden_mk1_late,210,359,388,225
hp52_hampden_tbmk1,210,359,388,225
hp52_hampden_tbmk1_ussr_utk1,210,359,388,225
hp_12,,,,
hs-123a-1,190,274,300,
hs-123a-1_china,190,274,300,
hs-129b-2,295,295,295,295
hs-129b-2_romania,295,295,295,295
hs-129b-2_romania_italy,295,295,295,295
hs-129b-3,295,295,295,295
hudson_mk_v,235,313,328,235
hunter_f1,465,601,628,450
hunter_f50_sweden,465,601,628,450
hunter_f58_switzerland,465,601,628,450
hunter_f58a_1971_switzerland,465,601,628,450
hunter_f6,465,601,628,450
hunter_f6_holland,465,601,628,450
hunter_f9_rhodesia,465,601,628,450
hurricane_mk1,202,247,268,320
hurricane_mk1_late_ep,202,247,268,320
hurricane_mk1_late_finland,202,247,268,320
hurricane_mk1b,202,247,268,320
hurricane_mk1c,202,247,268,320
hurricane_mk4,202,247,268,320
hurricanemkii,202,247,268,320
hurricanemkii_ussr,202,247,268,320
i-153_m62,,,,450
i-153_m62_china,,,,450
i-153_m62_zhukovskiy,,,,450
i-153p,,,,450
i-15_1934,320,320,320,
i-15_1935,320,320,320,
i-15_1935_moscow,320,320,320,
i-15bis,,,,
i-15bis_china,,,,
i-15bis_krasnolutsky,,,,
i-16_chung_28,700,700,700,260
i-16_type10,260,260,260,260
i-16_type10_china,260,260,260,260
i-16_type17_china,260,260,260,260
i-16_type18,260,260,260,260
i-16_type24,260,363,395,260
i-16_type27,260,260,260,260
i-16_type28,260,363,395,260
i-16_type5,700,700,700,260
i-16_type5_1935_china,700,700,700,260
i_180,260,260,260,260
i_185_m71_standard,280,354,380,320
i_185_m82,280,354,380,320
i_225,320,320,320,320
i_29,280,280,280,320
ia_58a_pucara,260,422,454,463
iar_81c,750,789,795,280
iar_81c_db_605,750,789,795,280
iar_93b,475,475,475,475
il-10,450,450,450,450
il-10_1946,450,450,450,450
il-10_1946_china,450,450,450,450
il-10_1946_hungary,450,450,450,450
il-2i,270,270,270,320
il-2m,270,419,448,320
il-2m_mstitel,270,419,448,320
il-4,280,280,280,320
il_28,400,549,578,400
il_28_china,400,549,578,400
il_28_german,400,549,578,400
il_28_hungary,400,549,578,400
il_28sh,400,549,578,400
il_2_1941,270,270,270,320
il_2_1942_luftwaffe,270,270,270,320
il_2_37_1943,320,320,320,320
il_2_m82,270,270,270,320
il_2m_1943,320,320,320,320
il_8_1944,320,320,320,320
intruder_mk_1,296,407,428,296
itp_m1,260,346,365,320
j1n1_mod11_early,290,409,432,350
j2m2,280,455,489,350
j2m3,280,455,489,350
j2m4_kai,280,455,489,350
j2m5,280,455,489,350
j2m5_30mm,280,455,489,350
j5n1,280,407,431,320
j6b,,,,
j6k1,280,382,460,320
j7w1,320,469,498,450
j8m1,550,550,550,550
j9_early,232,447,488,290
j_10a,,,,620
j_10c,,,,620
j_11,700,700,700,700
j_11a,700,700,700,700
j_11b,700,700,700,700
j_15t,700,700,700,700
j_22m1a,475,475,475,475
j_7_mk2,500,500,500,500
j_7d,700,700,700,700
j_7e,500,500,500,500
j_8b,500,500,500,500
j_8f,500,500,500,500
jaguar_a,481,481,481,481
jaguar_e,481,481,481,481
jaguar_gr1,481,481,481,481
jaguar_gr1a,481,481,481,481
jaguar_is,481,481,481,481
javelin_fmk9,370,512,540,407
jf_17,500,500,500,500
jh_7,450,673,717,450
jh_7a,450,673,717,450
jh_7a2,450,673,717,450
jh_7a_prototype,450,673,717,450
ju-188a-2,310,310,310,310
ju-288c,280,429,458,310
ju-388j,280,429,458,310
ju-87b-2,320,469,,
ju-87d-3,320,454,,
ju-87d-3_italy,320,454,,
ju-87d-5,320,454,,
ju-87g_1,320,454,,
ju-87g_2,320,454,,
ju-87r-2,320,469,,
ju-87r-2_italy,320,469,,
ju-87r-2_snake,320,469,,
ju-88a-1,280,429,458,310
ju-88a-4,280,429,458,310
ju-88a-4_finland,280,429,458,310
ju-88c-6,280,429,458,310
kfir_c10_colombia,,,,500
kfir_c2,,,,500
kfir_c7,,,,500
kfir_canard,,,,500
ki-27_otsu,220,220,220,
ki-27_otsu_china,220,220,220,
ki-27_otsu_ep,220,220,220,
ki-45_hei,308,445,450,350
ki-45_hei_tei_china,308,445,450,350
ki-45_ko,308,445,450,350
ki-45_otsu,308,445,450,350
ki-45_tei,308,445,450,350
ki-49_1,240,364,413,260
ki-49_2a,250,399,428,300
ki-49_2b,250,399,428,300
ki-49_2b_late,250,399,428,300
ki-83,420,480,525,310
ki-96,260,409,438,310
ki_100_2,230,282,292,250
ki_100_early,230,282,292,250
ki_102_otsu,260,409,438,310
ki_108,260,409,438,310
ki_109,250,399,428,300
ki_10_1,,,,
ki_10_1_commander,,,,
ki_10_2,,,,
ki_10_2_commander,,,,
ki_21_1hei,250,399,428,380
ki_21_1ko,250,399,428,380
ki_32,280,518,564,
ki_43_1,250,373,417,300
ki_43_2,250,362,383,300
ki_43_2_late,250,362,383,300
ki_43_3_ko,300,449,478,330
ki_43_3_otsu,250,371,388,330
ki_44_1,250,412,433,250
ki_44_1_ep,250,412,433,250
ki_44_2_hei,250,412,433,250
ki_44_2_hei_china,250,412,433,250
ki_44_2_otsu,250,412,433,250
ki_48_2_otsu,250,399,428,300
ki_61_1a_hei,230,282,292,250
ki_61_1a_hei_ep,230,282,292,250
ki_61_1a_ko,230,282,292,250
ki_61_1a_otsu,230,282,292,250
ki_61_1a_otsu_china,230,282,292,250
ki_61_1a_otsu_usa,230,282,292,250
ki_61_1a_tei,230,282,292,250
ki_61_2_early,230,282,292,330
ki_67_1_ko,250,399,428,300
ki_67_1_otsu,250,399,428,300
ki_84_hei,280,431,470,270
ki_84_ko,280,431,470,270
ki_84_ko_china,280,431,470,270
ki_84_otsu,280,431,470,270
ki_87,280,429,458,320
ki_94_2,280,471,580,280
kitsuka,380,529,558,380
l_39za,330,330,330,330
l_39za_art_thailand,330,330,330,330
la-11,290,434,460,320
la-11_china,290,434,460,320
la-15,450,450,450,450
la-5_type37_early,280,407,431,340
la-5_type39,270,419,448,310
la-5fn,270,419,448,310
la-5fn_luftwaffe,270,419,448,310
la-7,300,471,504,320
la-7_dolgushin,300,471,504,320
la-7b-20,300,471,504,320
la-9,290,451,490,320
la-9_china,290,451,490,320
la_174,450,450,450,450
la_200_toriy,450,599,628,450
lagg-3-11,280,414,440,350
lagg-3-23,280,414,440,350
lagg-3-34,280,414,440,450
lagg-3-35,280,414,440,450
lagg-3-4,280,414,440,350
lagg-3-66,280,414,440,450
lagg-3-8,280,414,440,350
lagg-i-301,280,414,440,350
lancaster_mk1,282,381,415,338
lancaster_mk3,282,381,415,338
lancaster_mr7_france,282,381,415,338
late_298d,320,469,498,
leo_451_early,270,367,386,340
leo_451_late,270,367,386,340
lightning_f53,463,463,463,463
lightning_f6,463,463,463,463
lincoln_b2,296,388,406,341
m_346fa,370,370,370,370
martin_139wc,235,313,328,235
marut_mk1,465,601,628,450
maryland_mk1_france,210,307,326,278
mb_151c1,270,270,270,310
mb_152c1,270,270,270,310
mb_157,270,419,448,340
mb_162,260,317,330,280
mb_174_a3,260,317,330,280
mb_175t,260,317,330,280
mb_326b,331,331,331,331
mb_326k,331,331,331,331
mb_5,273,273,273,330
mbr-2,320,469,498,
mc-202,260,451,535,300
mc-202_d,260,451,535,300
mc-202_ec,260,451,535,300
mc-202_italy,260,451,535,300
mc-205_n2,260,451,535,300
mc-205_serie1,260,451,535,300
mc-205_serie3,260,451,535,300
mc200_serie3,260,451,535,300
mc200_serie3_italy,260,451,535,300
mc200_serie7,260,451,535,300
mc200_serie7_italy,260,451,535,300
md_450b_barougan,450,599,628,450
md_450b_ouragan,450,599,628,450
md_450b_ouragan_iaf,450,599,628,450
md_450b_ouragan_iaf_29,450,599,628,450
md_452_mystere_2a,450,599,628,450
md_452_mystere_2c_preproduction,450,599,628,450
md_454_mystere_4a,447,447,447,447
md_454_mystere_4a_iaf,447,447,447,447
md_460,435,590,620,447
md_460_saar,435,590,620,447
md_460_sambad,435,590,620,447
md_460_yt_cup_2019,435,590,620,447
me-163b,420,569,598,550
me-163b-0,420,569,598,550
me-262a-1a,380,529,558,450
me-262a-1a_early,380,529,558,450
me-262a-1a_u4,380,529,558,450
me-262a-2a,380,529,558,450
me-262a1_u1,380,529,558,450
me-262c-1a,320,469,498,450
me-262c-2b,320,469,498,450
me-410a-1,350,350,350,350
me-410a-1_u2,350,350,350,350
me-410a-1_u4,350,350,350,350
me-410b-1,350,350,350,350
me-410b-1_u2,350,350,350,350
me-410b-2_u4,350,350,350,350
me-410b-6_r3,350,350,350,350
me_210_v22_japan,350,350,350,350
me_210a_1,350,350,350,350
me_210ca_1_40_mm_hungary,350,350,350,350
me_210ca_1_hungary,350,350,350,350
me_264,290,357,370,309
meteor_fmk3,290,462,495,390
meteor_fmk3_navy,290,462,495,390
meteor_fmk4_lw,290,462,495,390
meteor_fmk4_sw,290,462,495,390
meteor_fmk8,290,462,495,390
meteor_fmk8_belgium,290,462,495,390
meteor_fmk8_iaf,290,462,495,390
meteor_fmk8_reaper,290,462,495,390
meteor_frmk9_iaf,290,462,495,390
meteor_nfmk13,290,462,495,390
mig-15,450,450,450,450
mig-15_ns23,450,450,450,450
mig-15bis_ish,450,450,450,450
mig-15bis_nr23_china,450,450,450,450
mig-15bis_nr23_german,450,450,450,450
mig-15bis_nr23_hungary,450,450,450,450
mig-17,450,450,450,450
mig-17_china,450,450,450,450
mig-17_cuba,450,450,450,450
mig-17_f5,450,450,450,450
mig-17p_lim_5p,450,450,450,450
mig-17pf_hungary,450,450,450,450
mig-19j_6a,577,577,577,577
mig-19pt,577,577,577,577
mig-19s,577,577,577,577
mig-21_bis,700,700,700,700
mig-21_bis_lazur,700,700,700,700
mig-21_bis_sau,700,700,700,700
mig-21_bis_sau_hungary,700,700,700,700
mig-21_bison,700,700,700,700
mig-21_f13,700,700,700,700
mig-21_mf,700,700,700,700
mig-21_mf_hungary,700,700,700,700
mig-21_pfm,700,700,700,700
mig-21_s,700,700,700,700
mig-21_smt,700,700,700,700
mig-21_sps_k,700,700,700,700
mig-9,380,380,380,380
mig-9_china,380,380,380,380
mig-9_late_china,380,380,380,380
mig-9_ussr,380,380,380,380
mig_21_2000_iaf,700,700,700,700
mig_21_bis_finland,700,700,700,700
mig_23bn,630,630,630,630
mig_23m,630,630,630,630
mig_23mf_germany,630,630,630,630
mig_23mf_hungary,630,630,630,630
mig_23ml,630,630,630,630
mig_23mla,630,630,630,630
mig_23mld,630,630,630,630
mig_25pd,700,700,700,700
mig_27k,630,630,630,630
mig_27m,630,630,630,630
mig_29_9_12,700,700,700,700
mig_29_9_12_germany,700,700,700,700
mig_29_9_12_sniper,700,700,700,700
mig_29_9_12b_hungary,700,700,700,700
mig_29_9_12g,700,700,700,700
mig_29_9_13,700,700,700,700
mig_29kr_9_41r,700,700,700,700
mig_29m_9_15,700,700,700,700
mig_29n,700,700,700,700
mig_29smt_9_19,700,700,700,700
mig_3_series_1_15,280,429,458,320
mig_3_series_1_15_bk_pod,280,429,458,320
mig_3_series_34,280,429,458,320
mirage_2000_5ei,,,,426
mirage_2000_5f,,,,426
mirage_2000c_s4,,,,426
mirage_2000c_s5,,,,426
mirage_2000d_r1,,,,426
mirage_2000d_rmv,,,,426
mirage_3c,,,,426
mirage_3cj,,,,426
mirage_3e,,,,426
mirage_3s_c70_switzerland,,,,426
mirage_4000,,,,426
mirage_5ba,,,,426
mirage_5f,,,,426
mirage_f1c,416,775,814,444
mirage_f1c_200,416,775,814,444
mirage_f1ct,416,775,814,444
mirage_milan,426,426,426,426
morko_morane,270,374,394,320
mosquito_b_mk16,312,356,390,315
mosquito_f_mk2_norway,312,356,390,315
mosquito_fb_mk18,264,356,390,315
mosquito_fb_mk26_china,264,356,390,315
mosquito_fb_mk6,264,356,390,315
mosquito_fb_mk6_ash_norway,312,356,390,315
mosquito_fb_mk6_norway,264,356,390,315
mosquito_j30_sweden,264,356,390,315
mosquito_nf_mk2,312,356,390,315
mosquito_tr_mk33,264,356,390,315
ms_405c1,270,359,394,320
ms_406c1,270,359,394,320
ms_410c1,270,359,394,320
n1k1_ja,280,421,449,280
n1k1_kyuofu,280,421,449,
n1k2_j,320,469,498,450
n1k2_jko,320,469,498,450
nc_223_3,260,454,491,320
nesher,,,,426
nf_5a_netherlands,555,560,926,444
nimrod_mk1,,,,
nimrod_mk2,,,,
os2u_1,160,309,338,
os2u_3,160,309,338,
p-26a_33,,,,
p-26a_34,240,240,240,
p-26a_34_m2,240,240,240,
p-26b_35,240,240,240,
p-36a,232,447,488,290
p-36a_rasmussen,232,447,488,290
p-36c,232,447,488,290
p-36c_rb,232,447,488,290
p-36g,232,447,488,290
p-38e,250,495,566,289
p-38g,250,495,566,289
p-38g_metal,250,495,566,289
p-38j,250,495,566,289
p-38j_marge,250,495,566,289
p-38k,250,495,566,289
p-38l,250,495,566,289
p-38l_1_china_rocaf,250,495,566,289
p-39k_1,233,374,400,322
p-39n,241,397,427,322
p-39n_su,241,397,427,322
p-39q_15,241,397,427,322
p-39q_25_france,241,397,427,322
p-39q_5,241,397,427,322
p-400,233,374,400,322
p-40c,245,530,595,300
p-40c_china,245,530,595,300
p-40e,245,530,595,300
p-40e_china,245,530,595,300
p-40e_td,245,530,595,300
p-40e_ussr,245,530,595,300
p-40f-5_france_ep,245,530,595,300
p-40f_10,245,530,595,300
p-43a-1,241,397,427,281
p-43a-1_china,241,397,427,281
p-47d,320,469,498,450
p-47d-28,320,469,498,450
p-47d_16_re_germany,320,469,498,450
p-47d_22_re,320,469,498,450
p-47d_22_re_france,320,469,498,450
p-47d_23_ra_china_rocaf,320,469,498,450
p-47d_30_china,320,469,498,450
p-47d_30_italy,320,469,498,450
p-47d_luftwaffe,320,469,498,450
p-47d_ussr,320,469,498,450
p-47m-1-re,320,469,498,450
p-47m-1-re_boxted,320,469,498,450
p-47n-15,300,464,496,450
p-51_a-36,279,521,652,287
p-51_mk1a_usaaf,279,521,652,287
p-51a_tl,279,521,652,287
p-51b,279,521,652,287
p-51b_7_sweden,433,676,676,287
p-51c-10-nt,433,676,676,287
p-51c-10_france,433,676,676,287
p-51c-11-nt_china,433,676,676,287
p-51c-11-nt_japan,433,676,676,287
p-51d-10,265,513,644,281
p-51d-20-na,265,513,644,281
p-51d-20-na_iaf,265,513,644,281
p-51d-20-na_j26,265,513,644,281
p-51d-20_china,265,513,644,281
p-51d-30_usaaf_korea,265,513,644,281
p-51d-5,265,513,644,281
p-51h-5_na,270,525,655,281
p-51k,265,513,644,281
p-59a,290,462,495,390
p-61a_1,280,337,340,350
p-61c_1,280,337,340,350
p-63a-10,262,360,378,304
p-63a-10_ussr,262,360,378,304
p-63a-5,262,360,378,304
p-63a-5_ussr,262,360,378,304
p-63c-5,262,360,378,304
p-63c-5_france,262,360,378,304
p-63c-5_kingcobra_animal_version,262,360,378,304
p-63c-5_ussr,262,360,378,304
p-66,280,400,445,280
p1y1_mod11,275,405,431,275
p1y1_mod11_china,275,405,431,275
p_108a_serie2,249,361,383,290
p_108b_serie1,249,361,383,290
p_108b_serie2,249,361,383,290
pb4y-2,263,263,263,263
pb4y-2_china,263,263,263,263
pb4y-2_france,263,263,263,263
pbj_1h,294,320,382,294
pbj_1j,294,320,382,294
pbm_1,320,469,498,450
pbm_3,280,325,333,
pbm_5a,320,409,476,450
pby-5,,,,450
pby-5a,,,,450
pby-5a_late_france,,,,450
pby-5a_raf,,,,450
pby-5a_ussr,,,,450
pe-2-1,320,469,498,450
pe-2-110,320,469,498,450
pe-2-205,320,469,498,450
pe-2-31,320,469,498,450
pe-2-359,320,469,498,450
pe-2-83,320,469,498,450
pe-3,320,469,498,450
pe-3_bis,320,469,498,450
pe-3_early,320,469,498,450
pe-8_m82,310,380,437,390
po-2,,,,
po-2m,,,,
potez_630,240,240,240,295
potez_631,240,240,240,295
potez_633,240,240,240,295
pv_2d,222,310,327,278
pyorremyrsky,260,409,438,360
q_5_early,577,577,577,577
q_5a,577,577,577,577
q_5l,577,577,577,577
quing_6,220,391,424,
r2y2_kai,320,469,498,350
r2y2_v1,320,469,498,350
r2y2_v2,320,469,498,350
rafale_c_f3,700,700,700,700
rafale_m_f3r,700,700,700,700
re_2000_ga,280,429,458,320
re_2000_heja_1,280,429,458,320
re_2000_heja_2,280,429,458,320
re_2000_int,280,429,458,320
re_2000_j20,280,429,458,320
re_2001_cb,250,421,454,320
re_2001_cn,250,421,454,320
re_2001_serie1,250,421,454,320
re_2001_serie1_ep,250,421,454,320
re_2002_early,280,429,458,320
re_2005_serie0,250,421,454,320
re_2005_vdm,250,421,454,320
ro_44,,,,
ro_57_quadriarma,280,337,470,320
s_199,260,409,438,360
s_81_ar125,241,349,370,
saab_105g,400,400,400,400
saab_105oe,400,400,400,400
saab_a21a_3,325,426,445,325
saab_a21rb,260,409,438,360
saab_a32a,450,450,450,450
saab_a32a_red_adam,450,450,450,450
saab_aj37,400,400,400,620
saab_ajs37,400,400,400,620
saab_ajs37_early,400,400,400,620
saab_b17a,280,369,387,320
saab_b17b,280,369,387,480
saab_b17bs,280,369,387,
saab_b18a,290,439,468,320
saab_b18b,290,439,468,320
saab_b3c,240,297,310,350
saab_f35_wdns,,,,500
saab_j21a_1,325,426,445,325
saab_j21a_2,325,426,445,325
saab_j21ra,260,409,438,360
saab_j29a,350,575,800,420
saab_j29b,350,575,800,420
saab_j29d,350,575,800,420
saab_j29f,350,575,800,420
saab_j32b,450,450,450,450
saab_j35a,,,,500
saab_j35d,,,,500
saab_j35xs,,,,500
saab_ja37,400,400,400,620
saab_ja37d,400,400,400,620
saab_ja37di,400,400,400,620
saab_ja37di_f21,400,400,400,620
saab_jas39a,,,,620
saab_jas39c,,,,620
saab_jas39c_hungary,,,,620
saab_jas39c_south_africa,,,,620
saab_jas39c_thailand,,,,620
saab_jas39d,,,,620
saab_jas39e,,,,620
saab_sk60b,400,400,400,400
saab_t18b_1,290,439,468,320
saab_t18b_2,290,439,468,320
sagittario_2,320,469,498,450
sb2c_1c,250,482,504,333
sb2c_4,250,482,504,333
sb2c_5_france,250,482,504,333
sb2c_5_thailand,250,482,504,333
sb2u-2,700,700,700,740
sb2u-3,700,700,700,740
sb_25j_netherlands,294,320,382,294
sb_2m_100,280,310,316,350
sb_2m_103_mv3,280,310,316,350
sb_2m_103c,280,310,316,350
sb_2m_103u,280,310,316,350
sb_2m_103u_china,280,310,316,350
sb_2m_103u_mv3,280,310,316,350
sb_2m_105,280,310,316,350
sbd-3,320,469,498,450
scimitar_f1,447,532,603,583
sea_fury_fb11,273,390,413,360
sea_fury_fb51,273,390,413,360
sea_harrier_fa2,648,648,648,648
sea_hawk_fga50_netherlands,370,370,370,370
sea_hawk_fga6,370,370,370,370
sea_hawk_mk100,370,370,370,370
sea_venom_faw20,320,393,425,420
seafire_fr47,330,330,330,330
seafire_mk17,260,260,260,260
seafire_mk3,260,260,260,270
seafire_mk3_france,260,260,260,270
shackleton_mr_mk_2,438,438,438,438
sm_79_1936,220,298,313,300
sm_79_1936_italy,220,298,313,300
sm_79_1937,220,298,313,300
sm_79_1939,220,298,313,300
sm_79_1939_italy,220,298,313,300
sm_79_1941,220,298,313,300
sm_79_1941_italy,220,298,313,300
sm_79_1942,220,298,313,300
sm_79_1943,220,298,313,300
sm_79_1943_italy,220,298,313,300
sm_79_iar,280,429,458,300
sm_79_iar_italy,280,429,458,300
sm_91,260,451,535,300
sm_92,260,451,535,300
so_4050_vautour_2a,463,565,585,425
so_4050_vautour_2a_iaf,463,565,585,425
so_4050_vautour_2a_israel_iaf,463,565,585,425
so_4050_vautour_2b,463,565,585,425
so_4050_vautour_2n,463,565,585,425
so_4050_vautour_2n_iaf,463,565,585,425
so_4050_vautour_2n_late,463,565,585,425
so_8000_narval,270,366,397,330
spitfire_f22,260,260,260,260
spitfire_f24,260,260,260,260
spitfire_fr_mk14e,260,260,260,260
spitfire_fr_mk14e_belgium,260,260,260,260
spitfire_ix,260,260,260,270
spitfire_ix_early,260,260,260,270
spitfire_ix_plagis,260,260,260,270
spitfire_ix_usa,260,260,260,270
spitfire_ix_ussr,260,260,260,270
spitfire_lf_mk9c_cw_greece,260,260,260,270
spitfire_lf_mk9e_iaf,260,260,260,270
spitfire_lf_mk9e_weisman,260,260,260,270
spitfire_mk1,260,260,260,270
spitfire_mk14c,260,260,260,260
spitfire_mk14e,260,260,260,260
spitfire_mk18e,260,260,260,260
spitfire_mk5b,260,260,260,270
spitfire_mk5b_float,260,260,260,
spitfire_mk5b_italy,260,260,260,270
spitfire_mk5b_notrop,260,260,260,270
spitfire_mk5c,260,260,260,270
spitfire_mk5c_notrop,260,260,260,270
spitfire_mk9c_4cannons,260,260,260,270
spitfire_mk9c_iaf,260,260,260,270
spitfire_xvi,260,260,260,260
spitfiremkii,230,230,230,270
spitfiremkiia,230,230,230,270
spitfiremkiia_ep,230,230,230,270
stirling_mk1,245,323,338,258
stirling_mk3,245,323,338,258
strikemaster_mk88,282,282,282,282
su-11,380,529,558,420
su-2_m82,340,340,395,350
su-2_mv5,340,340,395,350
su-2_tss1,340,340,395,350
su-6_am42,290,431,459,330
su-6_m71,290,431,459,330
su-7b,473,473,473,630
su-7bkl,473,473,473,630
su-7bmk,473,473,473,630
su-8,310,380,437,390
su-9,380,529,558,420
su_17m2,550,550,550,550
su_17m4,550,550,550,550
su_22m3,550,550,550,550
su_22m3_hungary,550,550,550,550
su_22m4,550,550,550,550
su_22m4_de_wtd61,550,550,550,550
su_22um3k,550,550,550,550
su_24m,500,501,646,500
su_25,420,420,420,420
su_25_558arz,420,420,420,420
su_25k,420,420,420,420
su_25sm3,420,420,420,420
su_25t,420,420,420,420
su_25tm,420,420,420,420
su_27,700,700,700,700
su_27sm,700,700,700,700
su_30mk2v_venezuela,700,700,700,700
su_30mkk,700,700,700,700
su_30mkm,700,700,700,700
su_30sm,700,700,700,700
su_30sm2,700,700,700,700
su_33,700,700,700,700
su_34,700,700,700,700
su_6_single,290,431,459,330
sunderland_mk3a,204,232,395,
sunderland_mk5,204,232,395,
super_etendard_97,426,426,426,426
swift_f1,435,435,435,435
swift_f7,435,435,435,435
swordfish_mk1,257,257,257,
swordfish_mk2,257,257,257,
t2,485,485,485,485
t2_early,485,485,485,485
ta-152c,398,591,667,310
ta-152h-1,398,537,667,310
ta_154a_1,365,365,365,365
tandem_mai,270,419,448,310
tb_3_m17_32,,,,
tbd-1_1938,212,212,212,185
tbf-1c,285,285,285,397
tempest_mk2,270,389,412,361
tempest_mkv,269,389,412,361
tempest_mkv_luftwaffe,269,389,412,361
tempest_mkv_vikkers,269,389,412,361
thunderbolt_mk1,320,469,498,450
tis_ma,270,367,386,320
tornado_adv,518,518,518,518
tornado_f3,518,518,518,518
tornado_f3_late,518,518,518,518
tornado_gr1,518,518,518,518
tornado_gr4,518,518,518,518
tornado_ids_de_assta1,518,518,518,518
tornado_ids_de_assta3_sle,518,518,518,518
tornado_ids_de_mfg,518,518,518,518
tornado_ids_de_wtd61,518,518,518,518
tornado_ids_it,518,518,518,518
tornado_ids_it_mod95,518,518,518,518
tornado_ids_it_ret8,518,518,518,518
tu-1,310,380,437,390
tu-2,310,380,437,390
tu-2_early,310,380,437,390
tu-2_postwar,310,380,437,390
tu-2_postwar_china,310,380,437,390
tu-2_postwar_late,310,380,437,390
tu-2_postwar_late_hungary,310,380,437,390
tu_14t,420,554,580,420
tu_4,270,322,332,389
tu_4_china,270,322,332,389
tu_95m,352,477,501,450
typhoon_mk1a,315,393,408,320
typhoon_mk1b,320,394,409,320
typhoon_mk1b_late,320,394,409,320
v_11g,280,280,330,320
v_12d,280,280,330,320
v_156_b1,700,700,700,740
v_156_f,700,700,700,440
vampire_fb5,300,464,496,330
vampire_fb52_finland,300,464,496,330
vampire_fb52a_italy,300,464,496,330
vampire_fb5_j28b,300,464,496,330
vb_10_02,320,469,498,450
vb_10c1,320,469,498,450
venom_fb4,320,469,498,420
vg_33,270,270,270,320
vl_myrsky_2_late,240,323,355,290
washington_b1,270,322,332,389
welkin_fmk1,320,320,320,320
wellington_mk10,223,264,315,264
wellington_mk1c,223,264,315,264
wellington_mk1c_late,223,264,315,264
wellington_mk1c_luftwaffe,223,264,315,264
wellington_mk3,223,264,315,264
whirlwind_mk1,265,433,465,265
whirlwind_p9,265,433,465,265
wirraway,204,353,381,280
wm_21,,,,
wm_23,270,382,403,300
wyvern_s4,315,351,566,330
xa_38,280,325,333,350
xf5f,290,437,465,370
xf5u_1,,,,289
xp-50,290,437,465,370
xp-55,310,489,523,350
yak-15,320,320,320,450
yak-15_early,320,320,320,450
yak-17,320,320,320,450
yak-1_early,280,280,280,320
yak-1b,280,280,280,320
yak-1b_luftwaffe,280,280,280,320
yak-23,350,350,350,350
yak-28b,630,630,630,525
yak-3,320,320,320,320
yak-30d,320,469,498,350
yak-38,500,500,500,500
yak-38m,500,500,500,500
yak-3_eremin,320,320,320,320
yak-3_france,320,320,320,320
yak-3_vk107,280,280,280,320
yak-3p,320,320,320,320
yak-3t,320,320,320,320
yak-3u,280,280,280,320
yak-4,280,280,280,320
yak-7b,280,280,280,320
yak-9,280,280,280,320
yak-9b,280,280,280,320
yak-9k,280,280,280,320
yak-9m,280,280,280,320
yak-9p,280,280,280,320
yak-9p_hungary,280,280,280,320
yak-9t,280,280,280,320
yak-9t_france,280,280,280,320
yak-9u,280,280,280,320
yak-9ut,280,280,280,320
yak_130_early,350,350,350,350
yak_141,500,648,750,500
yak_1_litvyak,280,280,280,320
yak_2_kabb,280,280,280,320
yp-38,250,495,566,289
z_1007_bis_serie3,300,300,300,300
z_1007_bis_serie5,300,300,300,300
